{
  "annotations": {
    "list": [
      {
        "builtIn": 1,
        "datasource": {
          "type": "grafana",
          "uid": "-- Grafana --"
        },
        "enable": true,
        "hide": true,
        "iconColor": "rgba(0, 211, 255, 1)",
        "name": "Annotations & Alerts",
        "target": {
          "limit": 100,
          "matchAny": false,
          "tags": [],
          "type": "dashboard"
        },
        "type": "dashboard"
      }
    ]
  },
  "editable": true,
  "fiscalYearStartMonth": 0,
  "graphTooltip": 1,
  "id": 2,
  "links": [],
  "liveNow": false,
  "panels": [
    {
      "datasource": {
        "type": "influxdb",
        "uid": "AehYK1ggk"
      },
      "fieldConfig": {
        "defaults": {
          "color": {
            "mode": "palette-classic"
          },
          "custom": {
            "axisCenteredZero": false,
            "axisColorMode": "text",
            "axisLabel": "",
            "axisPlacement": "auto",
            "barAlignment": 0,
            "drawStyle": "line",
            "fillOpacity": 0,
            "gradientMode": "none",
            "hideFrom": {
              "legend": false,
              "tooltip": false,
              "viz": false
            },
            "lineInterpolation": "linear",
            "lineStyle": {
              "fill": "solid"
            },
            "lineWidth": 1,
            "pointSize": 5,
            "scaleDistribution": {
              "type": "linear"
            },
            "showPoints": "auto",
            "spanNulls": false,
            "stacking": {
              "group": "A",
              "mode": "none"
            },
            "thresholdsStyle": {
              "mode": "line"
            }
          },
          "decimals": 1,
          "mappings": [],
          "thresholds": {
            "mode": "absolute",
            "steps": [
              {
                "color": "green",
                "value": null
              },
              {
                "color": "#EAB839",
                "value": 19
              },
              {
                "color": "red",
                "value": 29
              }
            ]
          },
          "unit": "celsius"
        },
        "overrides": [
          {
            "__systemRef": "hideSeriesFrom",
            "matcher": {
              "id": "byNames",
              "options": {
                "mode": "exclude",
                "names": [
                  "BME680",
                  "BME280"
                ],
                "prefix": "All except:",
                "readOnly": true
              }
            },
            "properties": [
              {
                "id": "custom.hideFrom",
                "value": {
                  "legend": false,
                  "tooltip": false,
                  "viz": true
                }
              }
            ]
          }
        ]
      },
      "gridPos": {
        "h": 11,
        "w": 18,
        "x": 0,
        "y": 0
      },
      "id": 2,
      "options": {
        "legend": {
          "calcs": [
            "min",
            "max",
            "mean",
            "last"
          ],
          "displayMode": "table",
          "placement": "bottom",
          "showLegend": true
        },
        "tooltip": {
          "mode": "single",
          "sort": "none"
        }
      },
      "targets": [
        {
          "alias": "BME280",
          "datasource": {
            "type": "influxdb",
            "uid": "AehYK1ggk"
          },
          "query": "SELECT \"temperature\" FROM \"bme280\" WHERE $timeFilter",
          "rawQuery": true,
          "refId": "A",
          "resultFormat": "time_series"
        },
        {
          "alias": "BME680",
          "datasource": {
            "type": "influxdb",
            "uid": "AehYK1ggk"
          },
          "hide": false,
          "query": "SELECT \"temperature\" FROM \"bme680\" WHERE $timeFilter",
          "rawQuery": true,
          "refId": "B",
          "resultFormat": "time_series"
        },
        {
          "alias": "SS1",
          "datasource": {
            "type": "influxdb",
            "uid": "AehYK1ggk"
          },
          "hide": false,
          "query": "SELECT \"temperature\" FROM \"ss1\" WHERE $timeFilter",
          "rawQuery": true,
          "refId": "C",
          "resultFormat": "time_series"
        },
        {
          "alias": "SS2",
          "datasource": {
            "type": "influxdb",
            "uid": "AehYK1ggk"
          },
          "hide": false,
          "query": "SELECT \"temperature\" FROM \"ss2\" WHERE $timeFilter",
          "rawQuery": true,
          "refId": "D",
          "resultFormat": "time_series"
        }
      ],
      "title": "Temperature",
      "type": "timeseries"
    },
    {
      "datasource": {
        "type": "influxdb",
        "uid": "AehYK1ggk"
      },
      "fieldConfig": {
        "defaults": {
          "color": {
            "fixedColor": "green",
            "mode": "fixed"
          },
          "mappings": [],
          "thresholds": {
            "mode": "absolute",
            "steps": [
              {
                "color": "green",
                "value": null
              },
              {
                "color": "red",
                "value": 80
              }
            ]
          },
          "unit": "celsius"
        },
        "overrides": []
      },
      "gridPos": {
        "h": 4,
        "w": 3,
        "x": 18,
        "y": 0
      },
      "id": 4,
      "options": {
        "colorMode": "value",
        "graphMode": "none",
        "justifyMode": "auto",
        "orientation": "auto",
        "reduceOptions": {
          "calcs": [
            "lastNotNull"
          ],
          "fields": "",
          "values": false
        },
        "textMode": "auto"
      },
      "pluginVersion": "9.5.1",
      "targets": [
        {
          "datasource": {
            "type": "influxdb",
            "uid": "AehYK1ggk"
          },
          "query": "SELECT \"temperature\" FROM \"bme280\" WHERE $timeFilter",
          "rawQuery": true,
          "refId": "A",
          "resultFormat": "time_series"
        }
      ],
      "title": "BME280 - Current",
      "type": "stat"
    },
    {
      "datasource": {
        "type": "influxdb",
        "uid": "AehYK1ggk"
      },
      "fieldConfig": {
        "defaults": {
          "color": {
            "fixedColor": "green",
            "mode": "fixed"
          },
          "mappings": [],
          "thresholds": {
            "mode": "absolute",
            "steps": [
              {
                "color": "green",
                "value": null
              },
              {
                "color": "red",
                "value": 80
              }
            ]
          },
          "unit": "celsius"
        },
        "overrides": []
      },
      "gridPos": {
        "h": 4,
        "w": 3,
        "x": 21,
        "y": 0
      },
      "id": 6,
      "options": {
        "colorMode": "value",
        "graphMode": "none",
        "justifyMode": "auto",
        "orientation": "auto",
        "reduceOptions": {
          "calcs": [
            "lastNotNull"
          ],
          "fields": "",
          "values": false
        },
        "textMode": "auto"
      },
      "pluginVersion": "9.5.1",
      "targets": [
        {
          "datasource": {
            "type": "influxdb",
            "uid": "AehYK1ggk"
          },
          "query": "SELECT mean(\"temperature\") FROM \"bme280\" WHERE time > now() - 5m",
          "rawQuery": true,
          "refId": "A",
          "resultFormat": "time_series"
        }
      ],
      "title": "BME280 - Last 5 min avg",
      "type": "stat"
    },
    {
      "datasource": {
        "type": "influxdb",
        "uid": "AehYK1ggk"
      },
      "fieldConfig": {
        "defaults": {
          "color": {
            "fixedColor": "yellow",
            "mode": "fixed"
          },
          "mappings": [],
          "thresholds": {
            "mode": "absolute",
            "steps": [
              {
                "color": "green",
                "value": null
              }
            ]
          },
          "unit": "celsius"
        },
        "overrides": []
      },
      "gridPos": {
        "h": 4,
        "w": 3,
        "x": 18,
        "y": 4
      },
      "id": 5,
      "options": {
        "colorMode": "value",
        "graphMode": "none",
        "justifyMode": "auto",
        "orientation": "auto",
        "reduceOptions": {
          "calcs": [
            "lastNotNull"
          ],
          "fields": "",
          "values": false
        },
        "textMode": "auto"
      },
      "pluginVersion": "9.5.1",
      "targets": [
        {
          "datasource": {
            "type": "influxdb",
            "uid": "AehYK1ggk"
          },
          "query": "SELECT \"temperature\" FROM \"bme680\" WHERE $timeFilter",
          "rawQuery": true,
          "refId": "A",
          "resultFormat": "time_series"
        }
      ],
      "title": "BME680 - Current",
      "type": "stat"
    },
    {
      "datasource": {
        "type": "influxdb",
        "uid": "AehYK1ggk"
      },
      "fieldConfig": {
        "defaults": {
          "color": {
            "fixedColor": "yellow",
            "mode": "fixed"
          },
          "mappings": [],
          "thresholds": {
            "mode": "absolute",
            "steps": [
              {
                "color": "green",
                "value": null
              },
              {
                "color": "red",
                "value": 80
              }
            ]
          },
          "unit": "celsius"
        },
        "overrides": []
      },
      "gridPos": {
        "h": 4,
        "w": 3,
        "x": 21,
        "y": 4
      },
      "id": 7,
      "options": {
        "colorMode": "value",
        "graphMode": "none",
        "justifyMode": "auto",
        "orientation": "auto",
        "reduceOptions": {
          "calcs": [
            "lastNotNull"
          ],
          "fields": "",
          "values": false
        },
        "textMode": "auto"
      },
      "pluginVersion": "9.5.1",
      "targets": [
        {
          "datasource": {
            "type": "influxdb",
            "uid": "AehYK1ggk"
          },
          "query": "SELECT mean(\"temperature\") FROM \"bme680\" WHERE time > now() - 5m",
          "rawQuery": true,
          "refId": "A",
          "resultFormat": "time_series"
        }
      ],
      "title": "BME680 - Last 5 min avg",
      "type": "stat"
    },
    {
      "datasource": {
        "type": "influxdb",
        "uid": "AehYK1ggk"
      },
      "fieldConfig": {
        "defaults": {
          "color": {
            "fixedColor": "green",
            "mode": "fixed"
          },
          "mappings": [],
          "thresholds": {
            "mode": "absolute",
            "steps": [
              {
                "color": "green",
                "value": null
              },
              {
                "color": "red",
                "value": 80
              }
            ]
          },
          "unit": "humidity"
        },
        "overrides": []
      },
      "gridPos": {
        "h": 4,
        "w": 3,
        "x": 18,
        "y": 8
      },
      "id": 10,
      "options": {
        "colorMode": "value",
        "graphMode": "none",
        "justifyMode": "auto",
        "orientation": "auto",
        "reduceOptions": {
          "calcs": [
            "lastNotNull"
          ],
          "fields": "",
          "values": false
        },
        "textMode": "auto"
      },
      "pluginVersion": "9.5.1",
      "targets": [
        {
          "datasource": {
            "type": "influxdb",
            "uid": "AehYK1ggk"
          },
          "query": "SELECT \"relative_humidity\" FROM \"bme280\" WHERE $timeFilter",
          "rawQuery": true,
          "refId": "A",
          "resultFormat": "time_series"
        }
      ],
      "title": "BME280 - Current",
      "type": "stat"
    },
    {
      "datasource": {
        "type": "influxdb",
        "uid": "AehYK1ggk"
      },
      "fieldConfig": {
        "defaults": {
          "color": {
            "fixedColor": "green",
            "mode": "fixed"
          },
          "mappings": [],
          "thresholds": {
            "mode": "absolute",
            "steps": [
              {
                "color": "green",
                "value": null
              },
              {
                "color": "red",
                "value": 80
              }
            ]
          },
          "unit": "humidity"
        },
        "overrides": []
      },
      "gridPos": {
        "h": 4,
        "w": 3,
        "x": 21,
        "y": 8
      },
      "id": 12,
      "options": {
        "colorMode": "value",
        "graphMode": "none",
        "justifyMode": "auto",
        "orientation": "auto",
        "reduceOptions": {
          "calcs": [
            "lastNotNull"
          ],
          "fields": "",
          "values": false
        },
        "textMode": "auto"
      },
      "pluginVersion": "9.5.1",
      "targets": [
        {
          "datasource": {
            "type": "influxdb",
            "uid": "AehYK1ggk"
          },
          "query": "SELECT mean(\"relative_humidity\") FROM \"bme280\" WHERE time > now() - 5m",
          "rawQuery": true,
          "refId": "A",
          "resultFormat": "time_series"
        }
      ],
      "title": "BME280 - Last 5 min avg",
      "type": "stat"
    },
    {
      "datasource": {
        "type": "influxdb",
        "uid": "AehYK1ggk"
      },
      "fieldConfig": {
        "defaults": {
          "color": {
            "mode": "palette-classic"
          },
          "custom": {
            "axisCenteredZero": false,
            "axisColorMode": "text",
            "axisLabel": "",
            "axisPlacement": "auto",
            "barAlignment": 0,
            "drawStyle": "line",
            "fillOpacity": 0,
            "gradientMode": "none",
            "hideFrom": {
              "legend": false,
              "tooltip": false,
              "viz": false
            },
            "lineInterpolation": "linear",
            "lineStyle": {
              "fill": "solid"
            },
            "lineWidth": 1,
            "pointSize": 5,
            "scaleDistribution": {
              "type": "linear"
            },
            "showPoints": "auto",
            "spanNulls": false,
            "stacking": {
              "group": "A",
              "mode": "none"
            },
            "thresholdsStyle": {
              "mode": "line"
            }
          },
          "decimals": 1,
          "mappings": [],
          "thresholds": {
            "mode": "absolute",
            "steps": [
              {
                "color": "green",
                "value": null
              },
              {
                "color": "#EAB839",
                "value": 40
              },
              {
                "color": "red",
                "value": 80
              }
            ]
          },
          "unit": "humidity"
        },
        "overrides": []
      },
      "gridPos": {
        "h": 8,
        "w": 18,
        "x": 0,
        "y": 11
      },
      "id": 16,
      "options": {
        "legend": {
          "calcs": [
            "min",
            "max",
            "mean",
            "last"
          ],
          "displayMode": "table",
          "placement": "bottom",
          "showLegend": true
        },
        "tooltip": {
          "mode": "single",
          "sort": "none"
        }
      },
      "targets": [
        {
          "alias": "BME280",
          "datasource": {
            "type": "influxdb",
            "uid": "AehYK1ggk"
          },
          "query": "SELECT \"relative_humidity\" FROM \"bme280\" WHERE $timeFilter",
          "rawQuery": true,
          "refId": "A",
          "resultFormat": "time_series"
        },
        {
          "alias": "BME680",
          "datasource": {
            "type": "influxdb",
            "uid": "AehYK1ggk"
          },
          "hide": false,
          "query": "SELECT \"relative_humidity\" FROM \"bme680\" WHERE $timeFilter",
          "rawQuery": true,
          "refId": "B",
          "resultFormat": "time_series"
        }
      ],
      "title": "Humidity",
      "type": "timeseries"
    },
    {
      "datasource": {
        "type": "influxdb",
        "uid": "AehYK1ggk"
      },
      "fieldConfig": {
        "defaults": {
          "color": {
            "fixedColor": "yellow",
            "mode": "fixed"
          },
          "mappings": [],
          "thresholds": {
            "mode": "absolute",
            "steps": [
              {
                "color": "green",
                "value": null
              },
              {
                "color": "red",
                "value": 80
              }
            ]
          },
          "unit": "humidity"
        },
        "overrides": []
      },
      "gridPos": {
        "h": 4,
        "w": 3,
        "x": 18,
        "y": 12
      },
      "id": 11,
      "options": {
        "colorMode": "value",
        "graphMode": "none",
        "justifyMode": "auto",
        "orientation": "auto",
        "reduceOptions": {
          "calcs": [
            "lastNotNull"
          ],
          "fields": "",
          "values": false
        },
        "textMode": "auto"
      },
      "pluginVersion": "9.5.1",
      "targets": [
        {
          "datasource": {
            "type": "influxdb",
            "uid": "AehYK1ggk"
          },
          "query": "SELECT \"relative_humidity\" FROM \"bme680\" WHERE $timeFilter",
          "rawQuery": true,
          "refId": "A",
          "resultFormat": "time_series"
        }
      ],
      "title": "BME680 - Current",
      "type": "stat"
    },
    {
      "datasource": {
        "type": "influxdb",
        "uid": "AehYK1ggk"
      },
      "fieldConfig": {
        "defaults": {
          "color": {
            "fixedColor": "yellow",
            "mode": "fixed"
          },
          "mappings": [],
          "thresholds": {
            "mode": "absolute",
            "steps": [
              {
                "color": "green",
                "value": null
              },
              {
                "color": "red",
                "value": 80
              }
            ]
          },
          "unit": "humidity"
        },
        "overrides": []
      },
      "gridPos": {
        "h": 4,
        "w": 3,
        "x": 21,
        "y": 12
      },
      "id": 13,
      "options": {
        "colorMode": "value",
        "graphMode": "none",
        "justifyMode": "auto",
        "orientation": "auto",
        "reduceOptions": {
          "calcs": [
            "lastNotNull"
          ],
          "fields": "",
          "values": false
        },
        "textMode": "auto"
      },
      "pluginVersion": "9.5.1",
      "targets": [
        {
          "datasource": {
            "type": "influxdb",
            "uid": "AehYK1ggk"
          },
          "query": "SELECT mean(\"relative_humidity\") FROM \"bme680\" WHERE time > now() - 5m",
          "rawQuery": true,
          "refId": "A",
          "resultFormat": "time_series"
        }
      ],
      "title": "BME680 - Last 5 min avg",
      "type": "stat"
    },
    {
      "datasource": {
        "type": "influxdb",
        "uid": "AehYK1ggk"
      },
      "fieldConfig": {
        "defaults": {
          "color": {
            "mode": "thresholds"
          },
          "mappings": [],
          "max": 2000,
          "min": 200,
          "thresholds": {
            "mode": "absolute",
            "steps": [
              {
                "color": "green",
                "value": null
              },
              {
                "color": "#EAB839",
                "value": 200
              },
              {
                "color": "green",
                "value": 810
              },
              {
                "color": "red",
                "value": 1400
              }
            ]
          }
        },
        "overrides": []
      },
      "gridPos": {
        "h": 4,
        "w": 3,
        "x": 18,
        "y": 16
      },
      "id": 18,
      "options": {
        "orientation": "auto",
        "reduceOptions": {
          "calcs": [
            "lastNotNull"
          ],
          "fields": "",
          "values": false
        },
        "showThresholdLabels": false,
        "showThresholdMarkers": true
      },
      "pluginVersion": "9.5.1",
      "targets": [
        {
          "datasource": {
            "type": "influxdb",
            "uid": "AehYK1ggk"
          },
          "query": "SELECT \"moisture\" FROM \"ss1\" WHERE $timeFilter",
          "rawQuery": true,
          "refId": "A",
          "resultFormat": "time_series"
        }
      ],
      "title": "Soil Moisture 1",
      "type": "gauge"
    },
    {
      "datasource": {
        "type": "influxdb",
        "uid": "AehYK1ggk"
      },
      "fieldConfig": {
        "defaults": {
          "color": {
            "mode": "thresholds"
          },
          "mappings": [],
          "max": 2000,
          "min": 200,
          "thresholds": {
            "mode": "absolute",
            "steps": [
              {
                "color": "green",
                "value": null
              },
              {
                "color": "#EAB839",
                "value": 200
              },
              {
                "color": "green",
                "value": 810
              },
              {
                "color": "red",
                "value": 1400
              }
            ]
          }
        },
        "overrides": []
      },
      "gridPos": {
        "h": 4,
        "w": 3,
        "x": 21,
        "y": 16
      },
      "id": 19,
      "options": {
        "orientation": "auto",
        "reduceOptions": {
          "calcs": [
            "lastNotNull"
          ],
          "fields": "",
          "values": false
        },
        "showThresholdLabels": false,
        "showThresholdMarkers": true
      },
      "pluginVersion": "9.5.1",
      "targets": [
        {
          "datasource": {
            "type": "influxdb",
            "uid": "AehYK1ggk"
          },
          "query": "SELECT \"moisture\" FROM \"ss2\" WHERE $timeFilter",
          "rawQuery": true,
          "refId": "A",
          "resultFormat": "time_series"
        }
      ],
      "title": "Soil Moisture 2",
      "type": "gauge"
    },
    {
      "datasource": {
        "type": "influxdb",
        "uid": "AehYK1ggk"
      },
      "fieldConfig": {
        "defaults": {
          "color": {
            "mode": "palette-classic"
          },
          "custom": {
            "axisCenteredZero": false,
            "axisColorMode": "text",
            "axisLabel": "",
            "axisPlacement": "auto",
            "barAlignment": 0,
            "drawStyle": "line",
            "fillOpacity": 0,
            "gradientMode": "none",
            "hideFrom": {
              "legend": false,
              "tooltip": false,
              "viz": false
            },
            "lineInterpolation": "linear",
            "lineWidth": 1,
            "pointSize": 5,
            "scaleDistribution": {
              "type": "linear"
            },
            "showPoints": "auto",
            "spanNulls": false,
            "stacking": {
              "group": "A",
              "mode": "none"
            },
            "thresholdsStyle": {
              "mode": "off"
            }
          },
          "mappings": [],
          "thresholds": {
            "mode": "absolute",
            "steps": [
              {
                "color": "green",
                "value": null
              },
              {
                "color": "red",
                "value": 80
              }
            ]
          }
        },
        "overrides": [
          {
            "__systemRef": "hideSeriesFrom",
            "matcher": {
              "id": "byNames",
              "options": {
                "mode": "exclude",
                "names": [
                  "Infrared Light",
                  "Total Light"
                ],
                "prefix": "All except:",
                "readOnly": true
              }
            },
            "properties": [
              {
                "id": "custom.hideFrom",
                "value": {
                  "legend": false,
                  "tooltip": false,
                  "viz": true
                }
              }
            ]
          }
        ]
      },
      "gridPos": {
        "h": 5,
        "w": 18,
        "x": 0,
        "y": 19
      },
      "id": 24,
      "options": {
        "legend": {
          "calcs": [],
          "displayMode": "list",
          "placement": "bottom",
          "showLegend": true
        },
        "tooltip": {
          "mode": "single",
          "sort": "none"
        }
      },
      "targets": [
        {
          "alias": "Total Light",
          "datasource": {
            "type": "influxdb",
            "uid": "AehYK1ggk"
          },
          "query": "SELECT \"lux\" FROM \"tsl2591\" WHERE $timeFilter\n",
          "rawQuery": true,
          "refId": "A",
          "resultFormat": "time_series"
        },
        {
          "alias": "Infrared Light",
          "datasource": {
            "type": "influxdb",
            "uid": "AehYK1ggk"
          },
          "hide": false,
          "query": "SELECT \"infrared\" FROM \"tsl2591\" WHERE $timeFilter",
          "rawQuery": true,
          "refId": "B",
          "resultFormat": "time_series"
        },
        {
          "alias": "Visible Llight",
          "datasource": {
            "type": "influxdb",
            "uid": "AehYK1ggk"
          },
          "hide": false,
          "query": "SELECT \"visible\" FROM \"tsl2591\" WHERE $timeFilter",
          "rawQuery": true,
          "refId": "C",
          "resultFormat": "time_series"
        },
        {
          "alias": "Full Spectrum Light",
          "datasource": {
            "type": "influxdb",
            "uid": "AehYK1ggk"
          },
          "hide": false,
          "query": "SELECT \"full_spectrum_light\" FROM \"tsl2591\" WHERE $timeFilter",
          "rawQuery": true,
          "refId": "D",
          "resultFormat": "time_series"
        }
      ],
      "title": "Light",
      "type": "timeseries"
    },
    {
      "datasource": {
        "type": "influxdb",
        "uid": "AehYK1ggk"
      },
      "fieldConfig": {
        "defaults": {
          "color": {
            "mode": "thresholds"
          },
          "mappings": [],
          "thresholds": {
            "mode": "absolute",
            "steps": [
              {
                "color": "green",
                "value": null
              }
            ]
          }
        },
        "overrides": []
      },
      "gridPos": {
        "h": 4,
        "w": 6,
        "x": 18,
        "y": 20
      },
      "id": 21,
      "options": {
        "colorMode": "value",
        "graphMode": "area",
        "justifyMode": "auto",
        "orientation": "auto",
        "reduceOptions": {
          "calcs": [
            "lastNotNull"
          ],
          "fields": "",
          "values": false
        },
        "textMode": "auto"
      },
      "pluginVersion": "9.5.1",
      "targets": [
        {
          "alias": "TVOC",
          "datasource": {
            "type": "influxdb",
            "uid": "AehYK1ggk"
          },
          "hide": false,
          "query": "SELECT \"tvoc\" FROM \"ccs811\" WHERE $timeFilter",
          "rawQuery": true,
          "refId": "A",
          "resultFormat": "time_series"
        },
        {
          "alias": "eCO2",
          "datasource": {
            "type": "influxdb",
            "uid": "AehYK1ggk"
          },
          "hide": false,
          "query": "SELECT \"eco2\" FROM \"ccs811\" WHERE $timeFilter",
          "rawQuery": true,
          "refId": "B",
          "resultFormat": "time_series"
        },
        {
          "alias": "GAS",
          "datasource": {
            "type": "influxdb",
            "uid": "AehYK1ggk"
          },
          "hide": false,
          "query": "SELECT \"gas\" FROM \"bme680\" WHERE $timeFilter",
          "rawQuery": true,
          "refId": "C",
          "resultFormat": "time_series"
        }
      ],
      "title": "TVOC + CO2 + GAS",
      "type": "stat"
    }
  ],
  "refresh": "10s",
  "revision": 1,
  "schemaVersion": 38,
  "style": "dark",
  "tags": [],
  "templating": {
    "list": []
  },
  "time": {
    "from": "now-15m",
    "to": "now"
  },
  "timepicker": {},
  "timezone": "",
  "title": "SGH",
  "uid": "tyAwO3Wg2",
  "version": 13,
  "weekStart": ""
}